{
  "N": 5000,
  "accuracy": 0.507,
  "precision": 0.5963302752293578,
  "recall": 0.10200078462142016,
  "f1": 0.17420435510887772,
  "auroc": 0.5278727876100883,
  "calib_error_global": -0.40846547104120257,
  "mean_p_hat": 0.10133452895879745,
  "mean_y_true": 0.5098,
  "tp": 260,
  "tn": 2275,
  "fp": 176,
  "fn": 2289
}