{
  "N": 500,
  "accuracy": 0.524,
  "precision": 0.5487804878048781,
  "recall": 0.18292682926829268,
  "f1": 0.27439024390243905,
  "auroc": 0.49572690608795855,
  "calib_error_global": -0.3122825660705566,
  "mean_p_hat": 0.17971743392944337,
  "mean_y_true": 0.492,
  "tp": 45,
  "tn": 217,
  "fp": 37,
  "fn": 201,
  "fpr": 0.14566929133858267,
  "fnr": 0.8170731707317073
}